{
  "assets": [],
  "layers": [
    {
      "ddd": 0,
      "ind": 0,
      "ty": 4,
      "nm": "",
      "ks": {
        "o": {
          "k": 100
        },
        "r": {
          "k": 0
        },
        "p": {
          "k": [
            315,
            255.5,
            0
          ]
        },
        "a": {
          "k": [
            0,
            0,
            0
          ]
        },
        "s": {
          "k": [
            100,
            100,
            100
          ]
        }
      },
      "ao": 0,
      "shapes": [
        {
          "ind": 0,
          "ty": "sh",
          "ks": {
            "k": {
              "i": [
                [
                  44.595,
                  0
                ],
                [
                  7.588,
                  43.881
                ],
                [
                  -6.531,
                  1.129
                ],
                [
                  -6.537,
                  -1.128
                ],
                [
                  1.13,
                  -6.53
                ]
              ],
              "o": [
                [
                  -44.595,
                  0
                ],
                [
                  -1.129,
                  -6.53
                ],
                [
                  6.528,
                  -1.128
                ],
                [
                  6.53,
                  1.129
                ],
                [
                  -7.587,
                  43.881
                ]
              ],
              "v": [
                [
                  0,
                  45.364
                ],
                [
                  -90.058,
                  -30.366
                ],
                [
                  -80.277,
                  -44.235
                ],
                [
                  80.277,
                  -44.235
                ],
                [
                  90.057,
                  -30.366
                ]
              ],
              "c": true
            }
          },
          "nm": "",
          "mn": ""
        },
        {
          "ty": "fl",
          "fillEnabled": true,
          "c": {
            "k": [
              0.93,
              0.49,
              0.11,
              1
            ]
          },
          "o": {
            "k": 100
          },
          "nm": "",
          "mn": ""
        }
      ],
      "ip": 36,
      "op": 38,
      "st": -8,
      "bm": 0,
      "sr": 1
    },
    {
      "ddd": 0,
      "ind": 1,
      "ty": 4,
      "nm": "",
      "ks": {
        "o": {
          "k": 100
        },
        "r": {
          "k": 0
        },
        "p": {
          "k": [
            315,
            256.25,
            0
          ]
        },
        "a": {
          "k": [
            0,
            0,
            0
          ]
        },
        "s": {
          "k": [
            100,
            100,
            100
          ]
        }
      },
      "ao": 0,
      "shapes": [
        {
          "ind": 0,
          "ty": "sh",
          "ks": {
            "k": {
              "i": [
                [
                  44.595,
                  0
                ],
                [
                  7.588,
                  43.881
                ],
                [
                  -6.531,
                  1.129
                ],
                [
                  -6.281,
                  -2.115
                ],
                [
                  -32.887,
                  0
                ],
                [
                  -8.408,
                  4.705
                ],
                [
                  -6.537,
                  -1.128
                ],
                [
                  1.13,
                  -6.53
                ]
              ],
              "o": [
                [
                  -44.595,
                  0
                ],
                [
                  -1.129,
                  -6.53
                ],
                [
                  6.528,
                  -1.128
                ],
                [
                  19.908,
                  6.705
                ],
                [
                  32.887,
                  0
                ],
                [
                  5.784,
                  -3.236
                ],
                [
                  6.53,
                  1.129
                ],
                [
                  -7.587,
                  43.881
                ]
              ],
              "v": [
                [
                  0,
                  45.364
                ],
                [
                  -90.058,
                  -30.366
                ],
                [
                  -80.277,
                  -44.235
                ],
                [
                  -66.408,
                  -34.455
                ],
                [
                  0.5,
                  -30.636
                ],
                [
                  66.408,
                  -34.455
                ],
                [
                  80.277,
                  -44.235
                ],
                [
                  90.057,
                  -30.366
                ]
              ],
              "c": true
            }
          },
          "nm": "",
          "mn": ""
        },
        {
          "ty": "fl",
          "fillEnabled": true,
          "c": {
            "k": [
              0.93,
              0.49,
              0.11,
              1
            ]
          },
          "o": {
            "k": 100
          },
          "nm": "",
          "mn": ""
        }
      ],
      "ip": 35,
      "op": 36,
      "st": -6,
      "bm": 0,
      "sr": 1
    },
    {
      "ddd": 0,
      "ind": 2,
      "ty": 4,
      "nm": "",
      "ks": {
        "o": {
          "k": 100
        },
        "r": {
          "k": 0
        },
        "p": {
          "k": [
            315,
            256.25,
            0
          ]
        },
        "a": {
          "k": [
            0,
            0,
            0
          ]
        },
        "s": {
          "k": [
            100,
            100,
            100
          ]
        }
      },
      "ao": 0,
      "shapes": [
        {
          "ind": 0,
          "ty": "sh",
          "ks": {
            "k": {
              "i": [
                [
                  44.595,
                  0
                ],
                [
                  7.588,
                  43.881
                ],
                [
                  -6.531,
                  1.129
                ],
                [
                  -1.637,
                  -6.423
                ],
                [
                  -32.887,
                  0
                ],
                [
                  -6.908,
                  22.455
                ],
                [
                  -6.537,
                  -1.128
                ],
                [
                  1.13,
                  -6.53
                ]
              ],
              "o": [
                [
                  -44.595,
                  0
                ],
                [
                  -1.129,
                  -6.53
                ],
                [
                  6.528,
                  -1.128
                ],
                [
                  5.658,
                  22.205
                ],
                [
                  32.887,
                  0
                ],
                [
                  1.949,
                  -6.334
                ],
                [
                  6.53,
                  1.129
                ],
                [
                  -7.587,
                  43.881
                ]
              ],
              "v": [
                [
                  0,
                  45.364
                ],
                [
                  -90.058,
                  -30.366
                ],
                [
                  -80.277,
                  -44.235
                ],
                [
                  -66.408,
                  -34.455
                ],
                [
                  0.75,
                  -16.386
                ],
                [
                  66.408,
                  -34.455
                ],
                [
                  80.277,
                  -44.235
                ],
                [
                  90.057,
                  -30.366
                ]
              ],
              "c": true
            }
          },
          "nm": "",
          "mn": ""
        },
        {
          "ty": "fl",
          "fillEnabled": true,
          "c": {
            "k": [
              0.93,
              0.49,
              0.11,
              1
            ]
          },
          "o": {
            "k": 100
          },
          "nm": "",
          "mn": ""
        }
      ],
      "ip": 34,
      "op": 35,
      "st": -7,
      "bm": 0,
      "sr": 1
    },
    {
      "ddd": 0,
      "ind": 3,
      "ty": 4,
      "nm": "",
      "ks": {
        "o": {
          "k": 100
        },
        "r": {
          "k": 0
        },
        "p": {
          "k": [
            315,
            256.25,
            0
          ]
        },
        "a": {
          "k": [
            0,
            0,
            0
          ]
        },
        "s": {
          "k": [
            100,
            100,
            100
          ]
        }
      },
      "ao": 0,
      "shapes": [
        {
          "ind": 0,
          "ty": "sh",
          "ks": {
            "k": {
              "i": [
                [
                  44.595,
                  0
                ],
                [
                  7.588,
                  43.881
                ],
                [
                  -6.531,
                  1.129
                ],
                [
                  -1.637,
                  -6.423
                ],
                [
                  -32.887,
                  0
                ],
                [
                  -6.908,
                  22.455
                ],
                [
                  -6.537,
                  -1.128
                ],
                [
                  1.13,
                  -6.53
                ]
              ],
              "o": [
                [
                  -44.595,
                  0
                ],
                [
                  -1.129,
                  -6.53
                ],
                [
                  6.528,
                  -1.128
                ],
                [
                  5.658,
                  22.205
                ],
                [
                  32.887,
                  0
                ],
                [
                  1.949,
                  -6.334
                ],
                [
                  6.53,
                  1.129
                ],
                [
                  -7.587,
                  43.881
                ]
              ],
              "v": [
                [
                  0,
                  45.364
                ],
                [
                  -90.058,
                  -30.366
                ],
                [
                  -80.277,
                  -44.235
                ],
                [
                  -66.408,
                  -34.455
                ],
                [
                  0.999,
                  5.114
                ],
                [
                  66.408,
                  -34.455
                ],
                [
                  80.277,
                  -44.235
                ],
                [
                  90.057,
                  -30.366
                ]
              ],
              "c": true
            }
          },
          "nm": "",
          "mn": ""
        },
        {
          "ty": "fl",
          "fillEnabled": true,
          "c": {
            "k": [
              0.93,
              0.49,
              0.11,
              1
            ]
          },
          "o": {
            "k": 100
          },
          "nm": "",
          "mn": ""
        }
      ],
      "ip": 33,
      "op": 34,
      "st": -8,
      "bm": 0,
      "sr": 1
    },
    {
      "ddd": 0,
      "ind": 4,
      "ty": 4,
      "nm": "",
      "ks": {
        "o": {
          "k": 100
        },
        "r": {
          "k": 0
        },
        "p": {
          "k": [
            315,
            181,
            0
          ]
        },
        "a": {
          "k": [
            0,
            0,
            0
          ]
        },
        "s": {
          "k": [
            100,
            100,
            100
          ]
        }
      },
      "ao": 0,
      "shapes": [
        {
          "ind": 0,
          "ty": "sh",
          "ks": {
            "k": [
              {
                "i": {
                  "x": 0.833,
                  "y": 0.833
                },
                "o": {
                  "x": 0.167,
                  "y": 0.167
                },
                "n": "",
                "t": 0,
                "s": [
                  {
                    "i": [
                      [
                        0,
                        0
                      ],
                      [
                        -39.205,
                        0
                      ],
                      [
                        -6.46,
                        -37.359
                      ]
                    ],
                    "o": [
                      [
                        6.46,
                        -37.359
                      ],
                      [
                        39.204,
                        0
                      ],
                      [
                        0,
                        0
                      ]
                    ],
                    "v": [
                      [
                        -78.233,
                        109.887
                      ],
                      [
                        0,
                        44.113
                      ],
                      [
                        78.233,
                        109.887
                      ]
                    ],
                    "c": false
                  }
                ],
                "e": [
                  {
                    "i": [
                      [
                        0,
                        0
                      ],
                      [
                        -39.205,
                        0
                      ],
                      [
                        -6.46,
                        -37.359
                      ]
                    ],
                    "o": [
                      [
                        6.46,
                        -37.359
                      ],
                      [
                        39.204,
                        0
                      ],
                      [
                        0,
                        0
                      ]
                    ],
                    "v": [
                      [
                        -78.233,
                        109.887
                      ],
                      [
                        0,
                        44.113
                      ],
                      [
                        78.233,
                        109.887
                      ]
                    ],
                    "c": false
                  }
                ]
              },
              {
                "i": {
                  "x": 0.833,
                  "y": 0.833
                },
                "o": {
                  "x": 0.167,
                  "y": 0.167
                },
                "n": "",
                "t": 26,
                "s": [
                  {
                    "i": [
                      [
                        0,
                        0
                      ],
                      [
                        -39.205,
                        0
                      ],
                      [
                        -6.46,
                        -37.359
                      ]
                    ],
                    "o": [
                      [
                        6.46,
                        -37.359
                      ],
                      [
                        39.204,
                        0
                      ],
                      [
                        0,
                        0
                      ]
                    ],
                    "v": [
                      [
                        -78.233,
                        109.887
                      ],
                      [
                        0,
                        44.113
                      ],
                      [
                        78.233,
                        109.887
                      ]
                    ],
                    "c": false
                  }
                ],
                "e": [
                  {
                    "i": [
                      [
                        0,
                        0
                      ],
                      [
                        -39.205,
                        0
                      ],
                      [
                        0,
                        0
                      ]
                    ],
                    "o": [
                      [
                        0,
                        0
                      ],
                      [
                        39.205,
                        0
                      ],
                      [
                        0,
                        0
                      ]
                    ],
                    "v": [
                      [
                        -79.233,
                        71.387
                      ],
                      [
                        -0.5,
                        71.613
                      ],
                      [
                        78.233,
                        71.387
                      ]
                    ],
                    "c": false
                  }
                ]
              },
              {
                "i": {
                  "x": 0.833,
                  "y": 0.833
                },
                "o": {
                  "x": 0.167,
                  "y": 0.167
                },
                "n": "",
                "t": 29,
                "s": [
                  {
                    "i": [
                      [
                        0,
                        0
                      ],
                      [
                        -39.205,
                        0
                      ],
                      [
                        0,
                        0
                      ]
                    ],
                    "o": [
                      [
                        0,
                        0
                      ],
                      [
                        39.205,
                        0
                      ],
                      [
                        0,
                        0
                      ]
                    ],
                    "v": [
                      [
                        -79.233,
                        71.387
                      ],
                      [
                        -0.5,
                        71.613
                      ],
                      [
                        78.233,
                        71.387
                      ]
                    ],
                    "c": false
                  }
                ],
                "e": [
                  {
                    "i": [
                      [
                        0.017,
                        -2.613
                      ],
                      [
                        -67,
                        0
                      ],
                      [
                        -0.017,
                        1.887
                      ]
                    ],
                    "o": [
                      [
                        -0.017,
                        2.613
                      ],
                      [
                        67,
                        0
                      ],
                      [
                        0.017,
                        -1.887
                      ]
                    ],
                    "v": [
                      [
                        -77.733,
                        44.137
                      ],
                      [
                        -0.5,
                        107.738
                      ],
                      [
                        78.733,
                        44.137
                      ]
                    ],
                    "c": false
                  }
                ]
              },
              {
                "i": {
                  "x": 0.833,
                  "y": 0.833
                },
                "o": {
                  "x": 0.167,
                  "y": 0.167
                },
                "n": "",
                "t": 32,
                "s": [
                  {
                    "i": [
                      [
                        0.017,
                        -2.613
                      ],
                      [
                        -67,
                        0
                      ],
                      [
                        -0.017,
                        1.887
                      ]
                    ],
                    "o": [
                      [
                        -0.017,
                        2.613
                      ],
                      [
                        67,
                        0
                      ],
                      [
                        0.017,
                        -1.887
                      ]
                    ],
                    "v": [
                      [
                        -77.733,
                        44.137
                      ],
                      [
                        -0.5,
                        107.738
                      ],
                      [
                        78.733,
                        44.137
                      ]
                    ],
                    "c": false
                  }
                ],
                "e": [
                  {
                    "i": [
                      [
                        0.017,
                        -2.613
                      ],
                      [
                        -67,
                        0
                      ],
                      [
                        -0.017,
                        1.887
                      ]
                    ],
                    "o": [
                      [
                        -0.017,
                        2.613
                      ],
                      [
                        67,
                        0
                      ],
                      [
                        0.017,
                        -1.887
                      ]
                    ],
                    "v": [
                      [
                        -77.733,
                        45.199
                      ],
                      [
                        -0.5,
                        108.801
                      ],
                      [
                        78.733,
                        45.199
                      ]
                    ],
                    "c": false
                  }
                ]
              },
              {
                "t": 33
              }
            ]
          },
          "nm": "",
          "mn": ""
        },
        {
          "ty": "st",
          "fillEnabled": true,
          "c": {
            "k": [
              0.93,
              0.49,
              0.11,
              1
            ]
          },
          "o": {
            "k": 100
          },
          "w": {
            "k": 26
          },
          "lc": 2,
          "lj": 1,
          "ml": 4,
          "nm": "",
          "mn": ""
        }
      ],
      "ip": 0,
      "op": 481,
      "st": 0,
      "bm": 0,
      "sr": 1
    },
    {
      "ddd": 0,
      "ind": 5,
      "ty": 4,
      "nm": "",
      "ks": {
        "o": {
          "k": [
            {
              "i": {
                "x": [
                  0.833
                ],
                "y": [
                  0.833
                ]
              },
              "o": {
                "x": [
                  0.167
                ],
                "y": [
                  0.167
                ]
              },
              "n": "",
              "t": 0,
              "s": [
                100
              ],
              "e": [
                0
              ]
            },
            {
              "i": {
                "x": [
                  0.833
                ],
                "y": [
                  0.833
                ]
              },
              "o": {
                "x": [
                  0.167
                ],
                "y": [
                  0.167
                ]
              },
              "n": "",
              "t": 3,
              "s": [
                0
              ],
              "e": [
                0
              ]
            },
            {
              "i": {
                "x": [
                  0.833
                ],
                "y": [
                  0.833
                ]
              },
              "o": {
                "x": [
                  0.167
                ],
                "y": [
                  0.167
                ]
              },
              "n": "",
              "t": 8,
              "s": [
                0
              ],
              "e": [
                100
              ]
            },
            {
              "i": {
                "x": [
                  0.833
                ],
                "y": [
                  0.833
                ]
              },
              "o": {
                "x": [
                  0.167
                ],
                "y": [
                  0.167
                ]
              },
              "n": "",
              "t": 12,
              "s": [
                100
              ],
              "e": [
                0
              ]
            },
            {
              "i": {
                "x": [
                  0.833
                ],
                "y": [
                  0.833
                ]
              },
              "o": {
                "x": [
                  0.167
                ],
                "y": [
                  0.167
                ]
              },
              "n": "",
              "t": 16,
              "s": [
                0
              ],
              "e": [
                0
              ]
            },
            {
              "i": {
                "x": [
                  0.833
                ],
                "y": [
                  0.833
                ]
              },
              "o": {
                "x": [
                  0.167
                ],
                "y": [
                  0.167
                ]
              },
              "n": "",
              "t": 20,
              "s": [
                0
              ],
              "e": [
                100
              ]
            },
            {
              "i": {
                "x": [
                  0.833
                ],
                "y": [
                  0.833
                ]
              },
              "o": {
                "x": [
                  0.167
                ],
                "y": [
                  0.167
                ]
              },
              "n": "",
              "t": 26,
              "s": [
                100
              ],
              "e": [
                100
              ]
            },
            {
              "i": {
                "x": [
                  0.833
                ],
                "y": [
                  0.833
                ]
              },
              "o": {
                "x": [
                  0.167
                ],
                "y": [
                  0.167
                ]
              },
              "n": "",
              "t": 32,
              "s": [
                100
              ],
              "e": [
                0
              ]
            },
            {
              "t": 34
            }
          ]
        },
        "r": {
          "k": 0
        },
        "p": {
          "k": [
            547,
            145.25,
            0
          ]
        },
        "a": {
          "k": [
            0,
            0,
            0
          ]
        },
        "s": {
          "k": [
            100,
            100,
            100
          ]
        }
      },
      "ao": 0,
      "shapes": [
        {
          "d": 1,
          "ty": "el",
          "s": {
            "k": [
              27,
              27
            ]
          },
          "p": {
            "k": [
              0,
              0
            ]
          },
          "nm": "",
          "mn": ""
        },
        {
          "ty": "fl",
          "fillEnabled": true,
          "c": {
            "k": [
              1,
              1,
              1,
              1
            ]
          },
          "o": {
            "k": 100
          },
          "nm": "",
          "mn": ""
        }
      ],
      "ip": 0,
      "op": 481,
      "st": 0,
      "bm": 0,
      "sr": 1
    },
    {
      "ddd": 0,
      "ind": 6,
      "ty": 4,
      "nm": "",
      "ks": {
        "o": {
          "k": [
            {
              "i": {
                "x": [
                  0.833
                ],
                "y": [
                  0.833
                ]
              },
              "o": {
                "x": [
                  0.167
                ],
                "y": [
                  0.167
                ]
              },
              "n": "",
              "t": 0,
              "s": [
                100
              ],
              "e": [
                0
              ]
            },
            {
              "i": {
                "x": [
                  0.833
                ],
                "y": [
                  0.833
                ]
              },
              "o": {
                "x": [
                  0.167
                ],
                "y": [
                  0.167
                ]
              },
              "n": "",
              "t": 3,
              "s": [
                0
              ],
              "e": [
                0
              ]
            },
            {
              "i": {
                "x": [
                  0.833
                ],
                "y": [
                  0.833
                ]
              },
              "o": {
                "x": [
                  0.167
                ],
                "y": [
                  0.167
                ]
              },
              "n": "",
              "t": 8,
              "s": [
                0
              ],
              "e": [
                100
              ]
            },
            {
              "i": {
                "x": [
                  0.833
                ],
                "y": [
                  0.833
                ]
              },
              "o": {
                "x": [
                  0.167
                ],
                "y": [
                  0.167
                ]
              },
              "n": "",
              "t": 12,
              "s": [
                100
              ],
              "e": [
                0
              ]
            },
            {
              "i": {
                "x": [
                  0.833
                ],
                "y": [
                  0.833
                ]
              },
              "o": {
                "x": [
                  0.167
                ],
                "y": [
                  0.167
                ]
              },
              "n": "",
              "t": 16,
              "s": [
                0
              ],
              "e": [
                0
              ]
            },
            {
              "i": {
                "x": [
                  0.833
                ],
                "y": [
                  0.833
                ]
              },
              "o": {
                "x": [
                  0.167
                ],
                "y": [
                  0.167
                ]
              },
              "n": "",
              "t": 20,
              "s": [
                0
              ],
              "e": [
                100
              ]
            },
            {
              "i": {
                "x": [
                  0.833
                ],
                "y": [
                  0.833
                ]
              },
              "o": {
                "x": [
                  0.167
                ],
                "y": [
                  0.167
                ]
              },
              "n": "",
              "t": 26,
              "s": [
                100
              ],
              "e": [
                100
              ]
            },
            {
              "i": {
                "x": [
                  0.833
                ],
                "y": [
                  0.833
                ]
              },
              "o": {
                "x": [
                  0.167
                ],
                "y": [
                  0.167
                ]
              },
              "n": "",
              "t": 32,
              "s": [
                100
              ],
              "e": [
                0
              ]
            },
            {
              "t": 34
            }
          ]
        },
        "r": {
          "k": 0
        },
        "p": {
          "k": [
            563.125,
            164.375,
            0
          ]
        },
        "a": {
          "k": [
            0,
            0,
            0
          ]
        },
        "s": {
          "k": [
            100,
            100,
            100
          ]
        }
      },
      "ao": 0,
      "shapes": [
        {
          "d": 1,
          "ty": "el",
          "s": {
            "k": [
              12,
              12
            ]
          },
          "p": {
            "k": [
              0,
              0
            ]
          },
          "nm": "",
          "mn": ""
        },
        {
          "ty": "fl",
          "fillEnabled": true,
          "c": {
            "k": [
              1,
              1,
              1,
              1
            ]
          },
          "o": {
            "k": 100
          },
          "nm": "",
          "mn": ""
        }
      ],
      "ip": 0,
      "op": 481,
      "st": 0,
      "bm": 0,
      "sr": 1
    },
    {
      "ddd": 0,
      "ind": 7,
      "ty": 4,
      "nm": "",
      "ks": {
        "o": {
          "k": 100
        },
        "r": {
          "k": 0
        },
        "p": {
          "k": [
            554.5,
            161.5,
            0
          ]
        },
        "a": {
          "k": [
            0,
            0,
            0
          ]
        },
        "s": {
          "k": [
            {
              "i": {
                "x": [
                  0.667,
                  0.667,
                  0.667
                ],
                "y": [
                  0.667,
                  1,
                  0.667
                ]
              },
              "o": {
                "x": [
                  0.333,
                  0.333,
                  0.333
                ],
                "y": [
                  0.333,
                  0,
                  0.333
                ]
              },
              "n": "",
              "t": 0,
              "s": [
                100,
                100,
                100
              ],
              "e": [
                100,
                0,
                100
              ]
            },
            {
              "i": {
                "x": [
                  0.667,
                  0.667,
                  0.667
                ],
                "y": [
                  0.667,
                  1,
                  0.667
                ]
              },
              "o": {
                "x": [
                  0.333,
                  0.333,
                  0.333
                ],
                "y": [
                  0.333,
                  0,
                  0.333
                ]
              },
              "n": "",
              "t": 4,
              "s": [
                100,
                0,
                100
              ],
              "e": [
                100,
                100,
                100
              ]
            },
            {
              "i": {
                "x": [
                  0.667,
                  0.667,
                  0.667
                ],
                "y": [
                  0.667,
                  1,
                  0.667
                ]
              },
              "o": {
                "x": [
                  0.333,
                  0.333,
                  0.333
                ],
                "y": [
                  0.333,
                  0,
                  0.333
                ]
              },
              "n": "",
              "t": 12,
              "s": [
                100,
                100,
                100
              ],
              "e": [
                100,
                0,
                100
              ]
            },
            {
              "i": {
                "x": [
                  0.667,
                  0.667,
                  0.667
                ],
                "y": [
                  0.667,
                  1,
                  0.667
                ]
              },
              "o": {
                "x": [
                  0.333,
                  0.333,
                  0.333
                ],
                "y": [
                  0.333,
                  0,
                  0.333
                ]
              },
              "n": "",
              "t": 17,
              "s": [
                100,
                0,
                100
              ],
              "e": [
                100,
                100,
                100
              ]
            },
            {
              "t": 26
            }
          ]
        }
      },
      "ao": 0,
      "shapes": [
        {
          "ind": 0,
          "ty": "sh",
          "ks": {
            "k": [
              {
                "i": {
                  "x": 0.667,
                  "y": 1
                },
                "o": {
                  "x": 0.333,
                  "y": 0
                },
                "n": "",
                "t": 32,
                "s": [
                  {
                    "i": [
                      [
                        -21.263,
                        0
                      ],
                      [
                        0,
                        -31.756
                      ],
                      [
                        3.458,
                        -8.625
                      ],
                      [
                        14.042,
                        0
                      ],
                      [
                        6.688,
                        17.004
                      ],
                      [
                        0,
                        10.61
                      ]
                    ],
                    "o": [
                      [
                        21.263,
                        0
                      ],
                      [
                        0,
                        10.784
                      ],
                      [
                        -6.725,
                        16.773
                      ],
                      [
                        -14.159,
                        0
                      ],
                      [
                        -3.356,
                        -8.532
                      ],
                      [
                        0,
                        -31.756
                      ]
                    ],
                    "v": [
                      [
                        0,
                        -57.5
                      ],
                      [
                        38.5,
                        0
                      ],
                      [
                        33.054,
                        29.5
                      ],
                      [
                        0,
                        57.5
                      ],
                      [
                        -33.22,
                        29.081
                      ],
                      [
                        -38.5,
                        0
                      ]
                    ],
                    "c": true
                  }
                ],
                "e": [
                  {
                    "i": [
                      [
                        -21.263,
                        0
                      ],
                      [
                        0,
                        -31.756
                      ],
                      [
                        -0.216,
                        13.69
                      ],
                      [
                        15.5,
                        0
                      ],
                      [
                        -0.02,
                        -14.472
                      ],
                      [
                        0,
                        14.465
                      ]
                    ],
                    "o": [
                      [
                        21.263,
                        0
                      ],
                      [
                        0,
                        14.61
                      ],
                      [
                        0.229,
                        -14.496
                      ],
                      [
                        -15.5,
                        0
                      ],
                      [
                        0.019,
                        13.621
                      ],
                      [
                        0,
                        -31.756
                      ]
                    ],
                    "v": [
                      [
                        0,
                        -57.5
                      ],
                      [
                        38.5,
                        0
                      ],
                      [
                        21.091,
                        -1.69
                      ],
                      [
                        -0.25,
                        -37.719
                      ],
                      [
                        -21.019,
                        -1.746
                      ],
                      [
                        -38.5,
                        0
                      ]
                    ],
                    "c": true
                  }
                ]
              },
              {
                "t": 35
              }
            ]
          },
          "nm": "",
          "mn": ""
        },
        {
          "ty": "fl",
          "fillEnabled": true,
          "c": {
            "k": [
              0.08,
              0,
              0,
              1
            ]
          },
          "o": {
            "k": 100
          },
          "nm": "",
          "mn": ""
        }
      ],
      "ip": 0,
      "op": 481,
      "st": 0,
      "bm": 0,
      "sr": 1
    },
    {
      "ddd": 0,
      "ind": 8,
      "ty": 4,
      "nm": "",
      "ks": {
        "o": {
          "k": [
            {
              "i": {
                "x": [
                  0.833
                ],
                "y": [
                  0.833
                ]
              },
              "o": {
                "x": [
                  0.167
                ],
                "y": [
                  0.167
                ]
              },
              "n": "",
              "t": 0,
              "s": [
                100
              ],
              "e": [
                0
              ]
            },
            {
              "i": {
                "x": [
                  0.833
                ],
                "y": [
                  0.833
                ]
              },
              "o": {
                "x": [
                  0.167
                ],
                "y": [
                  0.167
                ]
              },
              "n": "",
              "t": 3,
              "s": [
                0
              ],
              "e": [
                0
              ]
            },
            {
              "i": {
                "x": [
                  0.833
                ],
                "y": [
                  0.833
                ]
              },
              "o": {
                "x": [
                  0.167
                ],
                "y": [
                  0.167
                ]
              },
              "n": "",
              "t": 8,
              "s": [
                0
              ],
              "e": [
                100
              ]
            },
            {
              "i": {
                "x": [
                  0.833
                ],
                "y": [
                  0.833
                ]
              },
              "o": {
                "x": [
                  0.167
                ],
                "y": [
                  0.167
                ]
              },
              "n": "",
              "t": 12,
              "s": [
                100
              ],
              "e": [
                0
              ]
            },
            {
              "i": {
                "x": [
                  0.833
                ],
                "y": [
                  0.833
                ]
              },
              "o": {
                "x": [
                  0.167
                ],
                "y": [
                  0.167
                ]
              },
              "n": "",
              "t": 16,
              "s": [
                0
              ],
              "e": [
                0
              ]
            },
            {
              "i": {
                "x": [
                  0.833
                ],
                "y": [
                  0.833
                ]
              },
              "o": {
                "x": [
                  0.167
                ],
                "y": [
                  0.167
                ]
              },
              "n": "",
              "t": 20,
              "s": [
                0
              ],
              "e": [
                100
              ]
            },
            {
              "i": {
                "x": [
                  0.833
                ],
                "y": [
                  0.833
                ]
              },
              "o": {
                "x": [
                  0.167
                ],
                "y": [
                  0.167
                ]
              },
              "n": "",
              "t": 26,
              "s": [
                100
              ],
              "e": [
                100
              ]
            },
            {
              "i": {
                "x": [
                  0.833
                ],
                "y": [
                  0.833
                ]
              },
              "o": {
                "x": [
                  0.167
                ],
                "y": [
                  0.167
                ]
              },
              "n": "",
              "t": 32,
              "s": [
                100
              ],
              "e": [
                0
              ]
            },
            {
              "t": 34
            }
          ]
        },
        "r": {
          "k": 0
        },
        "p": {
          "k": [
            84.125,
            164.375,
            0
          ]
        },
        "a": {
          "k": [
            0,
            0,
            0
          ]
        },
        "s": {
          "k": [
            100,
            100,
            100
          ]
        }
      },
      "ao": 0,
      "shapes": [
        {
          "d": 1,
          "ty": "el",
          "s": {
            "k": [
              12,
              12
            ]
          },
          "p": {
            "k": [
              0,
              0
            ]
          },
          "nm": "",
          "mn": ""
        },
        {
          "ty": "fl",
          "fillEnabled": true,
          "c": {
            "k": [
              1,
              1,
              1,
              1
            ]
          },
          "o": {
            "k": 100
          },
          "nm": "",
          "mn": ""
        }
      ],
      "ip": 0,
      "op": 481,
      "st": 0,
      "bm": 0,
      "sr": 1
    },
    {
      "ddd": 0,
      "ind": 9,
      "ty": 4,
      "nm": "",
      "ks": {
        "o": {
          "k": [
            {
              "i": {
                "x": [
                  0.833
                ],
                "y": [
                  0.833
                ]
              },
              "o": {
                "x": [
                  0.167
                ],
                "y": [
                  0.167
                ]
              },
              "n": "",
              "t": 0,
              "s": [
                100
              ],
              "e": [
                0
              ]
            },
            {
              "i": {
                "x": [
                  0.833
                ],
                "y": [
                  0.833
                ]
              },
              "o": {
                "x": [
                  0.167
                ],
                "y": [
                  0.167
                ]
              },
              "n": "",
              "t": 3,
              "s": [
                0
              ],
              "e": [
                0
              ]
            },
            {
              "i": {
                "x": [
                  0.833
                ],
                "y": [
                  0.833
                ]
              },
              "o": {
                "x": [
                  0.167
                ],
                "y": [
                  0.167
                ]
              },
              "n": "",
              "t": 8,
              "s": [
                0
              ],
              "e": [
                100
              ]
            },
            {
              "i": {
                "x": [
                  0.833
                ],
                "y": [
                  0.833
                ]
              },
              "o": {
                "x": [
                  0.167
                ],
                "y": [
                  0.167
                ]
              },
              "n": "",
              "t": 12,
              "s": [
                100
              ],
              "e": [
                0
              ]
            },
            {
              "i": {
                "x": [
                  0.833
                ],
                "y": [
                  0.833
                ]
              },
              "o": {
                "x": [
                  0.167
                ],
                "y": [
                  0.167
                ]
              },
              "n": "",
              "t": 16,
              "s": [
                0
              ],
              "e": [
                0
              ]
            },
            {
              "i": {
                "x": [
                  0.833
                ],
                "y": [
                  0.833
                ]
              },
              "o": {
                "x": [
                  0.167
                ],
                "y": [
                  0.167
                ]
              },
              "n": "",
              "t": 20,
              "s": [
                0
              ],
              "e": [
                100
              ]
            },
            {
              "i": {
                "x": [
                  0.833
                ],
                "y": [
                  0.833
                ]
              },
              "o": {
                "x": [
                  0.167
                ],
                "y": [
                  0.167
                ]
              },
              "n": "",
              "t": 26,
              "s": [
                100
              ],
              "e": [
                100
              ]
            },
            {
              "i": {
                "x": [
                  0.833
                ],
                "y": [
                  0.833
                ]
              },
              "o": {
                "x": [
                  0.167
                ],
                "y": [
                  0.167
                ]
              },
              "n": "",
              "t": 32,
              "s": [
                100
              ],
              "e": [
                0
              ]
            },
            {
              "t": 34
            }
          ]
        },
        "r": {
          "k": 0
        },
        "p": {
          "k": [
            68,
            145.25,
            0
          ]
        },
        "a": {
          "k": [
            0,
            0,
            0
          ]
        },
        "s": {
          "k": [
            100,
            100,
            100
          ]
        }
      },
      "ao": 0,
      "shapes": [
        {
          "d": 1,
          "ty": "el",
          "s": {
            "k": [
              27,
              27
            ]
          },
          "p": {
            "k": [
              0,
              0
            ]
          },
          "nm": "",
          "mn": ""
        },
        {
          "ty": "fl",
          "fillEnabled": true,
          "c": {
            "k": [
              1,
              1,
              1,
              1
            ]
          },
          "o": {
            "k": 100
          },
          "nm": "",
          "mn": ""
        }
      ],
      "ip": 0,
      "op": 481,
      "st": 0,
      "bm": 0,
      "sr": 1
    },
    {
      "ddd": 0,
      "ind": 10,
      "ty": 4,
      "nm": "",
      "ks": {
        "o": {
          "k": 100
        },
        "r": {
          "k": 0
        },
        "p": {
          "k": [
            75.5,
            161.5,
            0
          ]
        },
        "a": {
          "k": [
            0,
            0,
            0
          ]
        },
        "s": {
          "k": [
            {
              "i": {
                "x": [
                  0.667,
                  0.667,
                  0.667
                ],
                "y": [
                  0.667,
                  1,
                  0.667
                ]
              },
              "o": {
                "x": [
                  0.333,
                  0.333,
                  0.333
                ],
                "y": [
                  0.333,
                  0,
                  0.333
                ]
              },
              "n": "",
              "t": 0,
              "s": [
                100,
                100,
                100
              ],
              "e": [
                100,
                0,
                100
              ]
            },
            {
              "i": {
                "x": [
                  0.667,
                  0.667,
                  0.667
                ],
                "y": [
                  0.667,
                  1,
                  0.667
                ]
              },
              "o": {
                "x": [
                  0.333,
                  0.333,
                  0.333
                ],
                "y": [
                  0.333,
                  0,
                  0.333
                ]
              },
              "n": "",
              "t": 4,
              "s": [
                100,
                0,
                100
              ],
              "e": [
                100,
                100,
                100
              ]
            },
            {
              "i": {
                "x": [
                  0.667,
                  0.667,
                  0.667
                ],
                "y": [
                  0.667,
                  1,
                  0.667
                ]
              },
              "o": {
                "x": [
                  0.333,
                  0.333,
                  0.333
                ],
                "y": [
                  0.333,
                  0,
                  0.333
                ]
              },
              "n": "",
              "t": 12,
              "s": [
                100,
                100,
                100
              ],
              "e": [
                100,
                0,
                100
              ]
            },
            {
              "i": {
                "x": [
                  0.667,
                  0.667,
                  0.667
                ],
                "y": [
                  0.667,
                  1,
                  0.667
                ]
              },
              "o": {
                "x": [
                  0.333,
                  0.333,
                  0.333
                ],
                "y": [
                  0.333,
                  0,
                  0.333
                ]
              },
              "n": "",
              "t": 17,
              "s": [
                100,
                0,
                100
              ],
              "e": [
                100,
                100,
                100
              ]
            },
            {
              "t": 26
            }
          ]
        }
      },
      "ao": 0,
      "shapes": [
        {
          "ind": 0,
          "ty": "sh",
          "ks": {
            "k": [
              {
                "i": {
                  "x": 0.667,
                  "y": 1
                },
                "o": {
                  "x": 0.333,
                  "y": 0
                },
                "n": "",
                "t": 32,
                "s": [
                  {
                    "i": [
                      [
                        -21.263,
                        0
                      ],
                      [
                        0,
                        -31.756
                      ],
                      [
                        3.163,
                        -8.349
                      ],
                      [
                        14.382,
                        0
                      ],
                      [
                        6.556,
                        17.74
                      ],
                      [
                        0,
                        10.06
                      ]
                    ],
                    "o": [
                      [
                        21.263,
                        0
                      ],
                      [
                        0,
                        10.277
                      ],
                      [
                        -6.61,
                        17.449
                      ],
                      [
                        -14.527,
                        0
                      ],
                      [
                        -3.04,
                        -8.226
                      ],
                      [
                        0,
                        -31.756
                      ]
                    ],
                    "v": [
                      [
                        0,
                        -57.5
                      ],
                      [
                        38.5,
                        0
                      ],
                      [
                        33.532,
                        28.274
                      ],
                      [
                        0,
                        57.5
                      ],
                      [
                        -33.73,
                        27.743
                      ],
                      [
                        -38.5,
                        0
                      ]
                    ],
                    "c": true
                  }
                ],
                "e": [
                  {
                    "i": [
                      [
                        -21.263,
                        0
                      ],
                      [
                        0,
                        -31.756
                      ],
                      [
                        0.296,
                        14.174
                      ],
                      [
                        16.25,
                        0
                      ],
                      [
                        -0.052,
                        -15.061
                      ],
                      [
                        0,
                        14.028
                      ]
                    ],
                    "o": [
                      [
                        21.263,
                        0
                      ],
                      [
                        0,
                        14.211
                      ],
                      [
                        -0.315,
                        -15.078
                      ],
                      [
                        -16.25,
                        0
                      ],
                      [
                        0.048,
                        14.01
                      ],
                      [
                        0,
                        -31.756
                      ]
                    ],
                    "v": [
                      [
                        0,
                        -57.5
                      ],
                      [
                        38.5,
                        0
                      ],
                      [
                        22.204,
                        -2.049
                      ],
                      [
                        0,
                        -36.625
                      ],
                      [
                        -21.798,
                        -2.01
                      ],
                      [
                        -38.5,
                        0
                      ]
                    ],
                    "c": true
                  }
                ]
              },
              {
                "t": 35
              }
            ]
          },
          "nm": "",
          "mn": ""
        },
        {
          "ty": "fl",
          "fillEnabled": true,
          "c": {
            "k": [
              0.08,
              0,
              0,
              1
            ]
          },
          "o": {
            "k": 100
          },
          "nm": "",
          "mn": ""
        }
      ],
      "ip": 0,
      "op": 481,
      "st": 0,
      "bm": 0,
      "sr": 1
    }
  ],
  "v": "4.5.3",
  "ddd": 0,
  "ip": 0,
  "op": 38,
  "fr": 30,
  "w": 630,
  "h": 362
}
